INSERT INTO state (state_id, name, abb) VALUES (100, 'Alabama', 'AL'),
                                               (102, 'Alaska', 'AK'),
                                               (104, 'Arizona', 'AZ'),
                                               (106, 'Arkansas', 'AR'),
                                               (108, 'California', 'CA'),
                                               (110, 'Colorado', 'CO'),
                                               (112, 'Connecticut', 'CT'),
                                               (114, 'Delaware', 'DE'),
                                               (116, 'Florida', 'FL'),
                                               (118, 'Georgia', 'GA'),
                                               (120, 'Hawaii', 'HI'),
                                               (122, 'Idaho', 'ID'),
                                               (124, 'Illinois', 'IL'),
                                               (126, 'Indiana', 'IN'),
                                               (128, 'Iowa', 'IA'),
                                               (130, 'Kansas', 'KS'),
                                               (132, 'Kentucky', 'KY'),
                                               (134, 'Louisiana', 'LA'),
                                               (136, 'Maine', 'ME'),
                                               (138, 'Maryland', 'MD'),
                                               (140, 'Massachusetts', 'MA'),
                                               (142, 'Michigan', 'MI'),
                                               (144, 'Minnesota', 'MN'),
                                               (146, 'Mississippi', 'MS'),
                                               (148, 'Missouri', 'MO'),
                                               (150, 'Montana', 'MT'),
                                               (152, 'Nebraska', 'NE'),
                                               (154, 'Nevada', 'NV'),
                                               (156, 'New Hampshire', 'NH'),
                                               (158, 'New Jersey', 'NJ'),
                                               (160, 'New Mexico', 'NM'),
                                               (162, 'New York', 'NY'),
                                               (164, 'North Carolina', 'NC'),
                                               (166, 'North Dakota', 'ND'),
                                               (168, 'Ohio', 'OH'),
                                               (170, 'Oklahoma', 'OK'),
                                               (172, 'Oregon', 'OR'),
                                               (174, 'Pennsylvania', 'PA'),
                                               (176, 'Rhode Island', 'RI'),
                                               (178, 'South Carolina', 'SC'),
                                               (180, 'South Dakota', 'SD'),
                                               (182, 'Tennessee', 'TN'),
                                               (184, 'Texas', 'TX'),
                                               (186, 'Utah', 'UT'),
                                               (188, 'Vermont', 'VT'),
                                               (190, 'Virginia', 'VA'),
                                               (192, 'Washington', 'WA'),
                                               (194, 'West Virginia', 'WV'),
                                               (196, 'Wisconsin', 'WI'),
                                               (198, 'Wyoming', 'WY');

INSERT INTO address (address_id, street1, street2, city, zip, state_id) VALUES (101, '952 Broadway Ct','','City13','74126',140),
                                                                               (103, '459 Broadway Ct','','City10','76847',132),
                                                                               (105, '266 Market Av','','City18','33877',124),
                                                                               (107, '505 Fayetteville Ct','','City17','97329',124),
                                                                               (109, '882 Rodeo Ln','','City20','13625',198),
                                                                               (111, '270 Freedom Av','Apt Q','City11','39409',198),
                                                                               (113, '778 Sunset Rd','','City16','85366',116),
                                                                               (115, '372 Lombard St','','City14','60763',140),
                                                                               (117, '797 Freedom Ln','','City11','26125',174),
                                                                               (119, '400 Freedom Rd','','City11','78161',178),
                                                                               (121, '913 Fayetteville Ct','','City16','16479',140),
                                                                               (123, '475 Rodeo Ln','','City13','50878',152),
                                                                               (125, '137 Staunton St','Apt G','City18','34220',166),
                                                                               (127, '189 Nantucket Ln','','City17','69730',196),
                                                                               (129, '376 Freedom Av','','City18','19853',140),
                                                                               (131, '967 Main Rd','','City13','40458',154),
                                                                               (133, '521 Nantucket Ct','Apt T','City14','87262',102),
                                                                               (135, '254 Freedom Rd','Apt P','City18','51423',190),
                                                                               (137, '354 Nantucket Ct','','City13','22427',100),
                                                                               (139, '628 Nantucket St','Apt T','City15','64574',184),
                                                                               (141, '348 Lombard Ln','','City11','70271',190),
                                                                               (143, '903 Market Ln','','City18','44259',188),
                                                                               (145, '828 Fayetteville Av','','City20','52522',146),
                                                                               (147, '869 Fayetteville Rd','','City16','80466',100),
                                                                               (149, '953 Freedom St','','City14','61222',130),
                                                                               (151, '864 Market St','','City19','90283',188),
                                                                               (153, '471 Lombard Ct','','City11','52318',140),
                                                                               (155, '602 Freedom Rd','','City17','23733',104),
                                                                               (157, '921 Broadway Av','Apt A','City13','61131',164),
                                                                               (159, '121 Main Av','','City16','42132',138),
                                                                               (161, '917 Market Ct','Apt Z','City10','45473',126),
                                                                               (163, '691 Lombard Ln','','City18','74989',164),
                                                                               (165, '706 Staunton Rd','','City12','25276',116),
                                                                               (167, '807 Market Ct','','City17','91901',116),
                                                                               (169, '178 Staunton Ct','','City13','24559',190),
                                                                               (171, '419 Nantucket Ln','','City13','88770',168),
                                                                               (173, '740 Market St','Apt W','City17','36323',102),
                                                                               (175, '450 Market Ln','','City20','21271',136),
                                                                               (177, '135 Broadway Ln','','City17','60713',158),
                                                                               (179, '834 Sunset Ct','Apt F','City11','53705',136),
                                                                               (181, '374 Broadway Av','','City10','74018',144),
                                                                               (183, '390 Freedom Ln','','City15','49449',174),
                                                                               (185, '512 Nantucket Ln','','City11','86040',110),
                                                                               (187, '605 Broadway Rd','','City17','13266',134),
                                                                               (189, '766 Market Ln','','City15','45220',104),
                                                                               (191, '199 Broadway Av','','City19','98296',126),
                                                                               (193, '805 Fayetteville Rd','','City20','83988',116),
                                                                               (195, '142 Rodeo Rd','Apt W','City16','48478',116),
                                                                               (197, '982 Rodeo Ln','','City15','74478',164),
                                                                               (199, '355 Freedom St','','City13','85641',160),
                                                                               (201, '759 Nantucket Av','','City14','68332',116),
                                                                               (203, '491 Sunset St','','City18','14714',144),
                                                                               (205, '540 Broadway Av','','City19','97936',154),
                                                                               (207, '803 Fayetteville Rd','','City12','89013',178),
                                                                               (209, '864 Sunset Rd','Apt D','City12','17406',178),
                                                                               (211, '428 Market Rd','','City18','54340',114),
                                                                               (213, '193 Staunton Ln','','City20','56198',112),
                                                                               (215, '460 Fayetteville Ln','Apt E','City12','87513',106),
                                                                               (217, '558 Staunton Rd','','City10','18026',186),
                                                                               (219, '125 Nantucket St','Apt M','City12','53177',112),
                                                                               (221, '974 Freedom Av','Apt Y','City20','43103',170),
                                                                               (223, '225 Freedom St','','City19','68875',122),
                                                                               (225, '119 Rodeo Rd','','City15','75989',128),
                                                                               (227, '863 Freedom Ln','','City13','53642',120),
                                                                               (229, '973 Staunton Rd','','City20','17540',130),
                                                                               (231, '628 Nantucket Ln','Apt X','City16','36386',144),
                                                                               (233, '726 Main Rd','','City20','70760',194),
                                                                               (235, '709 Rodeo Ct','Apt V','City14','65213',192),
                                                                               (237, '917 Rodeo Ct','','City11','16905',118),
                                                                               (239, '370 Staunton Ln','','City19','69710',118),
                                                                               (241, '906 Rodeo Rd','Apt D','City17','74582',156),
                                                                               (243, '552 Market Ct','','City16','37366',144),
                                                                               (245, '399 Fayetteville St','','City20','35474',120),
                                                                               (247, '499 Lombard Av','','City17','57040',176),
                                                                               (249, '158 Freedom Ln','','City16','82652',166),
                                                                               (251, '662 Main St','','City11','69857',114),
                                                                               (253, '989 Broadway Rd','Apt E','City16','76679',180),
                                                                               (255, '616 Market St','Apt Z','City19','75555',182),
                                                                               (257, '434 Sunset Ln','','City15','92092',136),
                                                                               (259, '688 Lombard Av','','City19','96294',188),
                                                                               (261, '946 Fayetteville Ln','','City19','62383',182),
                                                                               (263, '239 Main Rd','','City18','93754',140),
                                                                               (265, '690 Broadway Ln','Apt N','City20','92119',150),
                                                                               (267, '293 Broadway St','Apt E','City14','53908',144),
                                                                               (269, '606 Broadway Av','','City15','61659',188),
                                                                               (271, '282 Rodeo St','','City19','19789',110),
                                                                               (273, '953 Broadway Ct','','City14','43427',184),
                                                                               (275, '791 Rodeo Ln','','City18','63945',194),
                                                                               (277, '714 Freedom Ln','','City19','25990',104),
                                                                               (279, '807 Staunton St','','City20','81719',196),
                                                                               (281, '831 Main Rd','','City15','93930',148),
                                                                               (283, '787 Fayetteville Ct','','City13','36644',156),
                                                                               (285, '610 Sunset Rd','Apt P','City11','59503',112),
                                                                               (287, '703 Broadway Av','','City20','75973',104),
                                                                               (289, '972 Market Rd','','City16','35353',136),
                                                                               (291, '590 Broadway Av','','City10','30980',162),
                                                                               (293, '725 Lombard Rd','','City10','28568',176),
                                                                               (295, '458 Fayetteville Ln','','City15','33762',136),
                                                                               (297, '861 Rodeo St','','City18','45221',100),
                                                                               (299, '436 Rodeo Ln','','City13','90875',142);

INSERT INTO branch (branch_no, address_id) VALUES ('B942', 119),
                                                  ('B164', 165),
                                                  ('B724', 137),
                                                  ('B960', 247),
                                                  ('B901', 131),
                                                  ('B623', 183),
                                                  ('B187', 279),
                                                  ('B947', 115),
                                                  ('B745', 199),
                                                  ('B911', 185),
                                                  ('B647', 167),
                                                  ('B632', 187),
                                                  ('B424', 103),
                                                  ('B190', 269),
                                                  ('B266', 209),
                                                  ('B443', 163),
                                                  ('B714', 125),
                                                  ('B731', 267),
                                                  ('B553', 241),
                                                  ('B936', 157);

INSERT INTO person (person_id, first_name, last_name, sex, dob, address_id) VALUES (400, 'Bruno', 'Rapozo', 'M', '1939-2-23 00:00:00', 287),
                                                                                   (403, 'Mariano', 'Caffey', 'M', '1926-12-9 00:00:00', 287),
                                                                                   (406, 'Cherryl', 'Klumpp', 'F', '1993-12-1 00:00:00', null),
                                                                                   (409, 'Jennie', 'Hinesley', 'F', '1904-10-6 00:00:00', 251),
                                                                                   (412, 'Vallie', 'Snedden', 'F', '1913-5-1 00:00:00', 217),
                                                                                   (415, 'Myron', 'Hone', 'M', null, null),
                                                                                   (418, 'Ben', 'Haygood', 'M', '1983-10-30 00:00:00', null),
                                                                                   (421, 'Houston', 'Dimaggio', 'M', '1951-11-17 00:00:00', 293),
                                                                                   (424, 'Codi', 'Coles', 'F', '1974-3-5 00:00:00', 255),
                                                                                   (427, 'Natasha', 'Douthitt', 'F', null, null),
                                                                                   (430, 'Ivory', 'Pittenger', 'M', '1956-9-21 00:00:00', 271),
                                                                                   (433, 'Reinaldo', 'Quintero', 'M', null, 257),
                                                                                   (436, 'Dreama', 'Zucker', 'F', null, null),
                                                                                   (439, 'Jonas', 'Mangini', 'M', null, null),
                                                                                   (442, 'Shaquana', 'Schissler', 'F', '1900-11-13 00:00:00', 213),
                                                                                   (445, 'Xenia', 'Pasko', 'F', '1963-2-6 00:00:00', 111),
                                                                                   (448, 'Lionel', 'Stone', 'M', '1990-10-2 00:00:00', 247),
                                                                                   (451, 'Erin', 'Sam', 'M', '1925-5-12 00:00:00', 167),
                                                                                   (454, 'Latricia', 'Poblete', 'F', '1930-7-18 00:00:00', 163),
                                                                                   (457, 'Melissa', 'Rhein', 'F', null, null),
                                                                                   (460, 'Leigh', 'Donis', 'M', '1984-12-12 00:00:00', null),
                                                                                   (463, 'Nicky', 'Oberle', 'M', null, 267),
                                                                                   (466, 'Enrique', 'Naranjo', 'M', '1985-8-20 00:00:00', 269),
                                                                                   (469, 'Karina', 'Cantin', 'F', '1986-7-1 00:00:00', 231),
                                                                                   (472, 'Jerry', 'Burchett', 'M', null, 233),
                                                                                   (475, 'Drusilla', 'Canale', 'F', '1931-1-18 00:00:00', 131),
                                                                                   (478, 'Nadine', 'Brumback', 'F', null, 299),
                                                                                   (481, 'Mollie', 'Marcoux', 'F', null, 253),
                                                                                   (484, 'Monroe', 'Hovis', 'M', null, 109),
                                                                                   (487, 'Carrol', 'Paisley', 'M', '1933-1-22 00:00:00', 189),
                                                                                   (490, 'Deangelo', 'Blade', 'M', '1982-10-11 00:00:00', null),
                                                                                   (493, 'Jacquline', 'Bostic', 'F', '1965-4-15 00:00:00', null),
                                                                                   (496, 'Ignacia', 'Glines', 'F', '1976-12-26 00:00:00', null),
                                                                                   (499, 'Franklyn', 'Corea', 'M', '1900-3-8 00:00:00', 127),
                                                                                   (502, 'Coleman', 'Franzone', 'M', '1940-6-2 00:00:00', 119),
                                                                                   (505, 'Otto', 'Vanscoy', 'M', null, 147),
                                                                                   (508, 'Kiara', 'Demaio', 'F', '1935-11-3 00:00:00', 179),
                                                                                   (511, 'Hai', 'Koziel', 'M', '1987-8-20 00:00:00', 111),
                                                                                   (514, 'Johnathan', 'Nader', 'M', null, 137),
                                                                                   (517, 'Babette', 'Mikkelsen', 'F', null, 209),
                                                                                   (520, 'Dorthea', 'Riffel', 'F', null, 107),
                                                                                   (523, 'Kennith', 'Motto', 'M', null, 205),
                                                                                   (526, 'Jillian', 'Pellegren', 'F', '1993-9-29 00:00:00', null),
                                                                                   (529, 'Eleanora', 'Beeson', 'F', null, 139),
                                                                                   (532, 'Ellan', 'Derosia', 'F', '1904-11-17 00:00:00', null),
                                                                                   (535, 'Billie', 'Basquez', 'M', '1957-6-26 00:00:00', 165),
                                                                                   (538, 'Jerrod', 'Martindale', 'M', '1980-5-10 00:00:00', 231),
                                                                                   (541, 'Inez', 'Arch', 'F', null, null),
                                                                                   (544, 'Gabriel', 'Burpee', 'M', '1901-1-1 00:00:00', 183),
                                                                                   (547, 'Ward', 'Duck', 'M', '1987-3-21 00:00:00', 275),
                                                                                   (550, 'Damion', 'Nordahl', 'M', '1936-1-8 00:00:00', 169),
                                                                                   (553, 'Hai', 'Carruth', 'M', null, 169),
                                                                                   (556, 'Lina', 'Archibald', 'F', '1958-8-3 00:00:00', 203),
                                                                                   (559, 'Dortha', 'Ditch', 'F', '1928-12-12 00:00:00', null),
                                                                                   (562, 'Florentino', 'Moitoso', 'M', '1915-4-13 00:00:00', 227),
                                                                                   (565, 'Boyce', 'Setliff', 'M', '1905-8-17 00:00:00', 243),
                                                                                   (568, 'Nicole', 'Granberry', 'F', null, 227),
                                                                                   (571, 'Kip', 'Mealer', 'M', '1936-6-26 00:00:00', null),
                                                                                   (574, 'Tommy', 'Steakley', 'M', null, 251),
                                                                                   (577, 'Tristan', 'Iglesia', 'M', null, null),
                                                                                   (580, 'Claudette', 'Buerger', 'F', null, null),
                                                                                   (583, 'Cheree', 'Penepent', 'F', '1928-2-11 00:00:00', 285),
                                                                                   (586, 'Jeffrey', 'Turek', 'M', null, null),
                                                                                   (589, 'Joaquin', 'Darity', 'M', '1908-8-1 00:00:00', 101),
                                                                                   (592, 'Abdul', 'Nimmo', 'M', null, 279),
                                                                                   (595, 'Yvette', 'Eads', 'F', '1991-10-4 00:00:00', 295),
                                                                                   (598, 'Tifany', 'Dunkelberger', 'F', '1968-4-27 00:00:00', 109),
                                                                                   (601, 'Sibyl', 'Kindle', 'F', '1972-1-26 00:00:00', 247),
                                                                                   (604, 'Trudy', 'Rockhill', 'F', '1906-10-8 00:00:00', null),
                                                                                   (607, 'Casimira', 'Bertsch', 'F', null, 217),
                                                                                   (610, 'Leandra', 'Howard', 'F', '1990-7-18 00:00:00', 213),
                                                                                   (613, 'Yolanda', 'Steinhauser', 'F', '1987-4-29 00:00:00', 233),
                                                                                   (616, 'Elbert', 'Gaylor', 'M', null, 203),
                                                                                   (619, 'Erna', 'Pelaez', 'F', '1916-9-1 00:00:00', 225),
                                                                                   (622, 'Lilliam', 'Mcgowen', 'F', '1938-5-7 00:00:00', 249),
                                                                                   (625, 'Cedrick', 'Markle', 'M', null, 113),
                                                                                   (628, 'Tommye', 'Linehan', 'F', '1926-1-24 00:00:00', 227),
                                                                                   (631, 'Loise', 'Summerford', 'F', '1964-3-21 00:00:00', 109),
                                                                                   (634, 'Kimbra', 'Deville', 'F', null, 253),
                                                                                   (637, 'Winifred', 'Neighbors', 'F', '1981-7-17 00:00:00', 207),
                                                                                   (640, 'Jasper', 'Jong', 'M', null, 203),
                                                                                   (643, 'Marjorie', 'Tardif', 'F', null, 199),
                                                                                   (646, 'Enrique', 'Hans', 'M', null, 161),
                                                                                   (649, 'Kimber', 'Stanwood', 'F', '1989-8-20 00:00:00', 151),
                                                                                   (652, 'Emerson', 'Mcfadden', 'M', '1968-6-1 00:00:00', 255),
                                                                                   (655, 'Jacki', 'Roney', 'F', '1960-10-19 00:00:00', null),
                                                                                   (658, 'Ed', 'Lowther', 'M', null, 241),
                                                                                   (661, 'Cliff', 'Hagerman', 'M', null, 115),
                                                                                   (664, 'Micha', 'Pascoe', 'F', '1937-12-5 00:00:00', 211),
                                                                                   (667, 'Johana', 'Ping', 'F', '1906-8-26 00:00:00', 103),
                                                                                   (670, 'Deon', 'Bridgett', 'M', null, null),
                                                                                   (673, 'Leonora', 'Valenzuela', 'F', '1959-2-28 00:00:00', 217),
                                                                                   (676, 'Layla', 'Reader', 'F', null, null),
                                                                                   (679, 'Ira', 'Lichty', 'M', '1992-10-17 00:00:00', null),
                                                                                   (682, 'Veda', 'Vanduyne', 'F', '1950-8-2 00:00:00', 155),
                                                                                   (685, 'Delorse', 'Bryan', 'F', '1998-11-4 00:00:00', 177),
                                                                                   (688, 'Mckinley', 'Pigott', 'M', '1917-6-17 00:00:00', null),
                                                                                   (691, 'Reginia', 'Shiley', 'F', '1908-3-4 00:00:00', 225),
                                                                                   (694, 'Nelle', 'Rippel', 'F', '1948-6-30 00:00:00', null),
                                                                                   (697, 'Zack', 'Skoglund', 'M', '1966-9-16 00:00:00', 291),
                                                                                   (700, 'Daysi', 'Cadle', 'F', '1980-12-11 00:00:00', 257),
                                                                                   (703, 'Emory', 'Vivanco', 'M', '1966-1-7 00:00:00', 291),
                                                                                   (706, 'Lucas', 'Simard', 'M', '1907-2-20 00:00:00', 117),
                                                                                   (709, 'Monica', 'Mailman', 'F', '1982-11-16 00:00:00', null),
                                                                                   (712, 'Madaline', 'Perz', 'F', null, 173),
                                                                                   (715, 'Eugene', 'Wacaster', 'M', null, 287),
                                                                                   (718, 'Janina', 'Baver', 'F', null, 297),
                                                                                   (721, 'Janeth', 'Seel', 'F', '1984-6-25 00:00:00', 253),
                                                                                   (724, 'Kip', 'Ausherman', 'M', '1905-12-6 00:00:00', 243),
                                                                                   (727, 'Edmond', 'Bartlebaugh', 'M', '1994-3-24 00:00:00', 233),
                                                                                   (730, 'Edward', 'Guerin', 'M', null, 201),
                                                                                   (733, 'Cleo', 'Elms', 'M', '1959-12-29 00:00:00', null),
                                                                                   (736, 'Leslee', 'Kenan', 'F', '1989-12-18 00:00:00', null),
                                                                                   (739, 'Monte', 'Ivers', 'M', '1951-12-23 00:00:00', 113),
                                                                                   (742, 'Teofila', 'Scarbrough', 'F', '1913-3-23 00:00:00', 289),
                                                                                   (745, 'Jacinto', 'Linebaugh', 'M', '1946-10-22 00:00:00', 133),
                                                                                   (748, 'Letha', 'Hazelton', 'F', '1947-8-17 00:00:00', 173),
                                                                                   (751, 'Leila', 'Provo', 'F', null, 173),
                                                                                   (754, 'Gregg', 'Mahmoud', 'M', '1948-1-17 00:00:00', 171),
                                                                                   (757, 'Russell', 'Pape', 'M', '1972-3-24 00:00:00', 127),
                                                                                   (760, 'Pete', 'Rickles', 'M', null, 237),
                                                                                   (763, 'Alena', 'Radley', 'F', '1975-11-19 00:00:00', 219),
                                                                                   (766, 'Pearlie', 'Forcier', 'F', '1919-2-5 00:00:00', 189),
                                                                                   (769, 'Tien', 'Jim', 'F', '1938-9-27 00:00:00', 191),
                                                                                   (772, 'Alaina', 'Kenney', 'F', '1955-6-23 00:00:00', 131),
                                                                                   (775, 'Portia', 'Blas', 'F', '1962-10-22 00:00:00', null),
                                                                                   (778, 'Maurice', 'Baez', 'M', '1973-2-7 00:00:00', 215),
                                                                                   (781, 'Jacqui', 'Cinnamon', 'F', null, null),
                                                                                   (784, 'Jay', 'Hambleton', 'M', '1990-2-7 00:00:00', 189),
                                                                                   (787, 'Les', 'Biddy', 'M', '1996-10-7 00:00:00', null),
                                                                                   (790, 'Jillian', 'Callen', 'F', '1982-10-5 00:00:00', null),
                                                                                   (793, 'Heidi', 'Coffin', 'F', '1949-7-8 00:00:00', 117),
                                                                                   (796, 'Essie', 'Vankirk', 'F', '1982-1-18 00:00:00', 291),
                                                                                   (799, 'Enid', 'Probert', 'F', '1941-10-28 00:00:00', 185),
                                                                                   (802, 'Morris', 'Bohland', 'M', '1984-2-14 00:00:00', 201),
                                                                                   (805, 'Warren', 'Montalvan', 'M', null, 289),
                                                                                   (808, 'Rosette', 'Hohlt', 'F', '1975-5-15 00:00:00', 253),
                                                                                   (811, 'Ervin', 'Ruis', 'M', null, 181),
                                                                                   (814, 'Nia', 'Vowels', 'F', null, 197),
                                                                                   (817, 'Neta', 'Blunk', 'F', '1979-3-6 00:00:00', 223),
                                                                                   (820, 'Perla', 'Greaves', 'F', '1964-4-25 00:00:00', 137),
                                                                                   (823, 'Ryan', 'Tellez', 'M', '1983-10-16 00:00:00', 227),
                                                                                   (826, 'Otha', 'Pifer', 'M', '1907-10-23 00:00:00', null),
                                                                                   (829, 'Demetrice', 'Frances', 'F', '1968-11-14 00:00:00', 195),
                                                                                   (832, 'Kasi', 'Hickey', 'F', '1914-10-28 00:00:00', 291),
                                                                                   (835, 'Bobby', 'Villasenor', 'M', null, 209),
                                                                                   (838, 'Georgie', 'Bourquin', 'F', '1979-3-10 00:00:00', 227),
                                                                                   (841, 'Buddy', 'Goolsby', 'M', '1933-8-24 00:00:00', 235),
                                                                                   (844, 'Madlyn', 'Allende', 'F', '1999-11-1 00:00:00', null),
                                                                                   (847, 'Sha', 'Kirker', 'F', '1977-4-20 00:00:00', 135),
                                                                                   (850, 'Billy', 'Imburgia', 'M', '1901-3-15 00:00:00', null),
                                                                                   (853, 'Corrina', 'Mullett', 'F', '1961-8-11 00:00:00', 179),
                                                                                   (856, 'Gayle', 'Ballentine', 'M', '1995-12-12 00:00:00', null),
                                                                                   (859, 'Karol', 'Bendel', 'F', '1989-11-14 00:00:00', 197),
                                                                                   (862, 'Hal', 'Big', 'M', '1994-2-19 00:00:00', 155),
                                                                                   (865, 'Dana', 'Bizier', 'M', '1979-4-16 00:00:00', 171),
                                                                                   (868, 'Leon', 'Kirk', 'M', null, null),
                                                                                   (871, 'Ivory', 'Juhl', 'M', '1915-6-13 00:00:00', 147),
                                                                                   (874, 'Antonetta', 'Dance', 'F', null, 165),
                                                                                   (877, 'Karleen', 'Keep', 'F', '1904-6-6 00:00:00', 181),
                                                                                   (880, 'Claude', 'Dorais', 'M', null, 173),
                                                                                   (883, 'Bruce', 'Moffet', 'M', '1905-2-22 00:00:00', 255),
                                                                                   (886, 'Isaiah', 'Castrejon', 'M', '1920-3-7 00:00:00', 207),
                                                                                   (889, 'Janay', 'Lykins', 'F', '1927-10-27 00:00:00', null),
                                                                                   (892, 'Particia', 'Benware', 'F', '1972-10-19 00:00:00', 243),
                                                                                   (895, 'Arlyne', 'Olander', 'F', '1975-9-6 00:00:00', 299),
                                                                                   (898, 'Nicolas', 'Hetherington', 'M', '1962-11-17 00:00:00', null),
                                                                                   (901, 'Lorene', 'Bermudes', 'F', null, 229),
                                                                                   (904, 'Ezekiel', 'Steiner', 'M', '1922-1-19 00:00:00', null),
                                                                                   (907, 'Willie', 'Hazzard', 'M', '1956-9-18 00:00:00', 253),
                                                                                   (910, 'Kylee', 'Dinsmore', 'F', null, null),
                                                                                   (913, 'Torie', 'Sturgill', 'F', '1949-9-9 00:00:00', null),
                                                                                   (916, 'Laila', 'Means', 'F', null, 227),
                                                                                   (919, 'Kelsie', 'Valenzula', 'F', '1932-2-11 00:00:00', 291),
                                                                                   (922, 'Mike', 'Tobia', 'M', '1937-4-8 00:00:00', 267),
                                                                                   (925, 'Simonne', 'Kincade', 'F', '1932-5-30 00:00:00', 107),
                                                                                   (928, 'Randy', 'Marlow', 'M', '1986-3-10 00:00:00', 291),
                                                                                   (931, 'Joshua', 'Ruby', 'M', null, 223),
                                                                                   (934, 'Laila', 'Sparkman', 'F', null, null),
                                                                                   (937, 'Serina', 'Hyatt', 'F', null, null),
                                                                                   (940, 'Dahlia', 'Auslander', 'F', '1960-11-25 00:00:00', 247),
                                                                                   (943, 'Dani', 'Arbeiter', 'F', '1908-11-27 00:00:00', 117),
                                                                                   (946, 'Claire', 'Nugent', 'F', '1909-3-23 00:00:00', 277),
                                                                                   (949, 'Evelia', 'Patty', 'F', '1951-5-14 00:00:00', 295),
                                                                                   (952, 'Fausto', 'Hem', 'M', '1915-7-8 00:00:00', 171),
                                                                                   (955, 'Maribeth', 'Dula', 'F', '1936-4-30 00:00:00', 113),
                                                                                   (958, 'Mason', 'Arsenault', 'M', null, 135),
                                                                                   (961, 'Gavin', 'Linwood', 'M', '1977-4-13 00:00:00', 179),
                                                                                   (964, 'Ladonna', 'Pazos', 'F', null, 135),
                                                                                   (967, 'Christoper', 'Tew', 'M', '1950-12-16 00:00:00', 141),
                                                                                   (970, 'Mila', 'Pannell', 'F', '1977-7-25 00:00:00', 251),
                                                                                   (973, 'Shara', 'Demario', 'F', '1988-4-28 00:00:00', 183),
                                                                                   (976, 'Denice', 'Scarpa', 'F', '1958-6-10 00:00:00', 215),
                                                                                   (979, 'Latonia', 'Welcome', 'F', null, null),
                                                                                   (982, 'Elton', 'Linzy', 'M', null, 153),
                                                                                   (985, 'Wilbur', 'Toland', 'M', null, null),
                                                                                   (988, 'Angelika', 'Chace', 'F', null, 283),
                                                                                   (991, 'Carmella', 'Bronder', 'F', '1950-6-19 00:00:00', 237),
                                                                                   (994, 'Hollis', 'Odegaard', 'M', null, 253),
                                                                                   (997, 'Nita', 'Laing', 'F', null, 257),
                                                                                   (1000, 'Wilburn', 'Mabery', 'M', '1985-11-14 00:00:00', null),
                                                                                   (1003, 'Haydee', 'Minder', 'F', '1995-12-11 00:00:00', null),
                                                                                   (1006, 'Ocie', 'Venne', 'F', '1941-7-5 00:00:00', 261),
                                                                                   (1009, 'Ervin', 'Negley', 'M', '1933-7-26 00:00:00', 143),
                                                                                   (1012, 'Hae', 'Severns', 'F', '1900-1-14 00:00:00', 103),
                                                                                   (1015, 'Elmer', 'Hodak', 'M', null, 243),
                                                                                   (1018, 'Roosevelt', 'Ivery', 'M', '1980-10-12 00:00:00', null),
                                                                                   (1021, 'Cinda', 'Beus', 'F', '1970-2-7 00:00:00', 165),
                                                                                   (1024, 'Lauren', 'Samms', 'M', '1932-12-6 00:00:00', 295),
                                                                                   (1027, 'Leif', 'Bondi', 'M', '1971-11-27 00:00:00', 215),
                                                                                   (1030, 'Delila', 'Barrio', 'F', null, 171),
                                                                                   (1033, 'Wynell', 'Maranto', 'F', '1911-6-24 00:00:00', 135),
                                                                                   (1036, 'Corrinne', 'Diorio', 'F', '1921-12-4 00:00:00', null),
                                                                                   (1039, 'Maggie', 'Stclaire', 'F', '1903-1-6 00:00:00', 231),
                                                                                   (1042, 'Xiomara', 'Faith', 'F', '1948-6-9 00:00:00', null),
                                                                                   (1045, 'Cornell', 'Aguinaldo', 'M', null, null),
                                                                                   (1048, 'Ashlee', 'Days', 'F', null, 211),
                                                                                   (1051, 'Fausto', 'Galati', 'M', null, 263),
                                                                                   (1054, 'Douglas', 'Steffy', 'M', null, 119),
                                                                                   (1057, 'Woodrow', 'Pinon', 'M', null, null),
                                                                                   (1060, 'Reuben', 'Kanner', 'M', '1970-6-27 00:00:00', 155),
                                                                                   (1063, 'Krysta', 'Lipps', 'F', '1943-11-10 00:00:00', 205),
                                                                                   (1066, 'Anh', 'Degraffenreid', 'F', null, null),
                                                                                   (1069, 'Keitha', 'Sauve', 'F', '1906-12-10 00:00:00', 239),
                                                                                   (1072, 'Johnnie', 'Guadalupe', 'M', null, 259),
                                                                                   (1075, 'Tyron', 'Marro', 'M', null, null),
                                                                                   (1078, 'Meaghan', 'Wimbish', 'F', '1950-6-1 00:00:00', 253),
                                                                                   (1081, 'Nicky', 'Mcclane', 'M', '1908-4-17 00:00:00', 263),
                                                                                   (1084, 'Alisha', 'Hedgpeth', 'F', '1948-3-3 00:00:00', null),
                                                                                   (1087, 'Jackie', 'Riegel', 'M', null, 127),
                                                                                   (1090, 'Cathi', 'Doody', 'F', '1946-1-8 00:00:00', 147),
                                                                                   (1093, 'Latesha', 'Parada', 'F', '1983-3-9 00:00:00', 255),
                                                                                   (1096, 'Louis', 'Caraway', 'M', '1942-7-31 00:00:00', 109),
                                                                                   (1099, 'Laurence', 'Johansson', 'M', '1913-9-29 00:00:00', 297),
                                                                                   (1102, 'Gracia', 'Ozment', 'F', '1918-6-19 00:00:00', 185),
                                                                                   (1105, 'Benny', 'Livermore', 'M', null, 237),
                                                                                   (1108, 'Robert', 'Pilger', 'M', '1907-7-15 00:00:00', 149),
                                                                                   (1111, 'Jewel', 'Shoemaker', 'M', '1994-4-22 00:00:00', 185),
                                                                                   (1114, 'Cecily', 'Tieman', 'F', '1903-4-16 00:00:00', 153),
                                                                                   (1117, 'Kortney', 'Tracey', 'F', null, 147),
                                                                                   (1120, 'Leena', 'Royals', 'F', '1930-6-22 00:00:00', 217),
                                                                                   (1123, 'Daisey', 'Aquino', 'F', null, null),
                                                                                   (1126, 'Lynn', 'Grand', 'M', '1958-11-7 00:00:00', null),
                                                                                   (1129, 'Napoleon', 'Capshaw', 'M', null, null),
                                                                                   (1132, 'Silas', 'Dias', 'M', null, 235),
                                                                                   (1135, 'Stella', 'Gama', 'F', null, 113),
                                                                                   (1138, 'Eva', 'Turnbough', 'F', '1997-1-22 00:00:00', 219),
                                                                                   (1141, 'Rudy', 'Mayes', 'M', null, 135),
                                                                                   (1144, 'Kenton', 'Disalvo', 'M', null, 243),
                                                                                   (1147, 'Dallas', 'Mcchesney', 'M', '1964-1-19 00:00:00', 163),
                                                                                   (1150, 'Fermin', 'Cahill', 'M', '1912-5-18 00:00:00', 113),
                                                                                   (1153, 'Leo', 'Kavanaugh', 'M', null, null),
                                                                                   (1156, 'Trinidad', 'Mcmenamin', 'M', '1974-4-19 00:00:00', 197),
                                                                                   (1159, 'Alvera', 'Soni', 'F', '1919-11-7 00:00:00', 169),
                                                                                   (1162, 'Rolf', 'Neault', 'M', '1907-7-1 00:00:00', null),
                                                                                   (1165, 'Lonny', 'Brainard', 'M', null, null),
                                                                                   (1168, 'Herschel', 'Gale', 'M', null, null),
                                                                                   (1171, 'Shelba', 'Banuelos', 'F', '1973-1-28 00:00:00', null),
                                                                                   (1174, 'Lakisha', 'Drum', 'F', null, 249),
                                                                                   (1177, 'Willy', 'Nowak', 'M', '1963-7-7 00:00:00', 189),
                                                                                   (1180, 'Marya', 'Dacruz', 'F', '1944-7-3 00:00:00', 195),
                                                                                   (1183, 'Jackeline', 'Lauzon', 'F', '1994-9-28 00:00:00', null),
                                                                                   (1186, 'Donovan', 'Roush', 'M', null, 207),
                                                                                   (1189, 'Luther', 'Geraghty', 'M', '1946-10-12 00:00:00', 261),
                                                                                   (1192, 'Clint', 'Sosa', 'M', '1990-7-6 00:00:00', null),
                                                                                   (1195, 'Tobias', 'Swindoll', 'M', '1932-8-1 00:00:00', 107),
                                                                                   (1198, 'Kenny', 'Cantu', 'M', null, null),
                                                                                   (1201, 'Carolee', 'Zank', 'F', '1914-10-5 00:00:00', 249),
                                                                                   (1204, 'Golda', 'Vautour', 'F', null, null),
                                                                                   (1207, 'Daren', 'Ollis', 'M', null, 271),
                                                                                   (1210, 'Florencio', 'Hunt', 'M', '1943-8-13 00:00:00', 203),
                                                                                   (1213, 'Debby', 'Errico', 'F', '1925-8-31 00:00:00', 137),
                                                                                   (1216, 'Alia', 'Cosgrove', 'F', '1958-7-22 00:00:00', 109),
                                                                                   (1219, 'Myron', 'Claggett', 'M', '1954-12-8 00:00:00', 157),
                                                                                   (1222, 'Buster', 'Wormley', 'M', '1961-9-14 00:00:00', 163),
                                                                                   (1225, 'Reggie', 'Sartor', 'M', null, 201),
                                                                                   (1228, 'Charles', 'Starns', 'M', null, 131),
                                                                                   (1231, 'Derek', 'Thacker', 'M', '1957-10-13 00:00:00', null),
                                                                                   (1234, 'Odelia', 'Ferranti', 'F', null, 189),
                                                                                   (1237, 'Van', 'Schwan', 'M', '1967-9-19 00:00:00', 119),
                                                                                   (1240, 'Clara', 'Klawitter', 'F', '1930-11-12 00:00:00', 127),
                                                                                   (1243, 'Jasper', 'Wardle', 'M', '1905-10-20 00:00:00', 177),
                                                                                   (1246, 'Trenton', 'Lorenz', 'M', null, null),
                                                                                   (1249, 'Heath', 'Getty', 'M', '1915-3-9 00:00:00', 181),
                                                                                   (1252, 'Deidra', 'Newhart', 'F', '1903-12-3 00:00:00', null),
                                                                                   (1255, 'Rose', 'Welch', 'F', '1919-6-12 00:00:00', 227),
                                                                                   (1258, 'Tressa', 'Westlake', 'F', '1903-1-30 00:00:00', null),
                                                                                   (1261, 'Brad', 'Difilippo', 'M', null, 149),
                                                                                   (1264, 'Svetlana', 'Amico', 'F', '1982-2-22 00:00:00', 187),
                                                                                   (1267, 'Darren', 'Hegna', 'M', '1900-3-14 00:00:00', 101),
                                                                                   (1270, 'Colin', 'Ellenberger', 'M', '1934-6-13 00:00:00', 205),
                                                                                   (1273, 'Giovanna', 'Willhite', 'F', null, 203),
                                                                                   (1276, 'Rosalie', 'Milbourn', 'F', null, null),
                                                                                   (1279, 'Lizeth', 'Higgs', 'F', '1970-5-26 00:00:00', null),
                                                                                   (1282, 'Ezra', 'Fortunato', 'M', '1949-4-18 00:00:00', 217),
                                                                                   (1285, 'Rolf', 'Polston', 'M', null, 221),
                                                                                   (1288, 'Lakeesha', 'Chou', 'F', '1907-5-15 00:00:00', null),
                                                                                   (1291, 'Randal', 'Mcclelland', 'M', '1937-9-6 00:00:00', null),
                                                                                   (1294, 'Jude', 'Telesco', 'M', '1942-11-26 00:00:00', 131),
                                                                                   (1297, 'Malisa', 'Ashby', 'F', '1971-4-13 00:00:00', null),
                                                                                   (1300, 'Retha', 'Paulette', 'F', '1913-12-28 00:00:00', 163),
                                                                                   (1303, 'Hassan', 'Nicola', 'M', null, null),
                                                                                   (1306, 'Rayford', 'Macky', 'M', '1979-5-30 00:00:00', 275),
                                                                                   (1309, 'Dino', 'Slovinsky', 'M', '1901-6-15 00:00:00', 207),
                                                                                   (1312, 'Wm', 'Nardone', 'M', null, null),
                                                                                   (1315, 'Lakiesha', 'Kunst', 'F', '1932-9-7 00:00:00', 121),
                                                                                   (1318, 'Muriel', 'Maass', 'F', null, null),
                                                                                   (1321, 'Malcom', 'Mainor', 'M', '1956-6-12 00:00:00', 183),
                                                                                   (1324, 'Hal', 'Hadfield', 'M', null, 265),
                                                                                   (1327, 'Fabian', 'Oriol', 'M', '1929-10-27 00:00:00', 107),
                                                                                   (1330, 'Irina', 'Edling', 'F', '1954-5-27 00:00:00', 215),
                                                                                   (1333, 'Mason', 'Fassett', 'M', null, null),
                                                                                   (1336, 'Carolyn', 'Shuman', 'F', '1984-7-19 00:00:00', 207),
                                                                                   (1339, 'Aleisha', 'Carvalho', 'F', null, null),
                                                                                   (1342, 'Stella', 'Mccool', 'F', '1922-8-12 00:00:00', 243),
                                                                                   (1345, 'Christen', 'Fortune', 'F', null, 175),
                                                                                   (1348, 'Mikel', 'Laudenslager', 'M', null, 235),
                                                                                   (1351, 'Guillermo', 'Kauppi', 'M', '1952-12-16 00:00:00', null),
                                                                                   (1354, 'Ann', 'Lowder', 'F', '1907-5-19 00:00:00', null),
                                                                                   (1357, 'Robt', 'Luzier', 'M', null, 251),
                                                                                   (1360, 'Jacob', 'Liebold', 'M', '1932-1-15 00:00:00', null),
                                                                                   (1363, 'Allan', 'Coberly', 'M', '1968-2-16 00:00:00', null),
                                                                                   (1366, 'Nancey', 'Mcquade', 'F', null, 229),
                                                                                   (1369, 'Etta', 'Guerrera', 'F', '1962-9-1 00:00:00', 165),
                                                                                   (1372, 'Gustavo', 'Christenberry', 'M', null, 245),
                                                                                   (1375, 'Lynwood', 'Sainz', 'M', '1915-11-2 00:00:00', 199),
                                                                                   (1378, 'Sherell', 'Jan', 'F', null, 175),
                                                                                   (1381, 'Cherilyn', 'Sienkiewicz', 'F', '1927-12-2 00:00:00', 159),
                                                                                   (1384, 'Fletcher', 'Blakeley', 'M', null, 139),
                                                                                   (1387, 'Clayton', 'Dolan', 'M', null, 117),
                                                                                   (1390, 'Roseline', 'Eaker', 'F', '1900-9-30 00:00:00', 103),
                                                                                   (1393, 'Gaylord', 'Ruyle', 'M', '1961-5-26 00:00:00', 273),
                                                                                   (1396, 'Norman', 'Riggan', 'M', '1934-11-1 00:00:00', 157),
                                                                                   (1399, 'Jana', 'Jamieson', 'F', '1986-7-27 00:00:00', 249),
                                                                                   (1402, 'Noel', 'Shane', 'M', '1940-3-12 00:00:00', 239),
                                                                                   (1405, 'Eve', 'Lauderdale', 'F', null, 169),
                                                                                   (1408, 'Casey', 'Welden', 'M', null, 245),
                                                                                   (1411, 'Teodora', 'Olmedo', 'F', '1945-4-3 00:00:00', 165),
                                                                                   (1414, 'Anastasia', 'Mccraw', 'F', '1946-10-21 00:00:00', null),
                                                                                   (1417, 'Gertude', 'Rouse', 'F', '1903-9-11 00:00:00', 127),
                                                                                   (1420, 'Roberto', 'Gines', 'M', null, 131),
                                                                                   (1423, 'Delilah', 'Connors', 'F', '1973-6-28 00:00:00', 269),
                                                                                   (1426, 'Susanna', 'Mohler', 'F', '1929-2-27 00:00:00', null),
                                                                                   (1429, 'Pedro', 'Donelan', 'M', null, 211),
                                                                                   (1432, 'Thanh', 'Soderstrom', 'M', '1979-1-2 00:00:00', 291),
                                                                                   (1435, 'Debroah', 'Fyock', 'F', '1929-11-14 00:00:00', null),
                                                                                   (1438, 'Jarrett', 'Aceto', 'M', '1917-9-22 00:00:00', 191),
                                                                                   (1441, 'Min', 'Lintner', 'F', '1952-12-24 00:00:00', null),
                                                                                   (1444, 'Ed', 'Gainer', 'M', '1957-7-6 00:00:00', 163),
                                                                                   (1447, 'Julianne', 'Gallup', 'F', '1977-6-10 00:00:00', 283),
                                                                                   (1450, 'Vera', 'Durgan', 'F', '1965-3-23 00:00:00', null),
                                                                                   (1453, 'Luis', 'Man', 'M', '1974-3-22 00:00:00', 213),
                                                                                   (1456, 'Loraine', 'Mcferron', 'F', '1953-5-31 00:00:00', 119),
                                                                                   (1459, 'Chana', 'Ortman', 'F', '1911-9-30 00:00:00', 271),
                                                                                   (1462, 'Adelia', 'Armstong', 'F', null, 111),
                                                                                   (1465, 'Susannah', 'Sobel', 'F', '1961-4-29 00:00:00', null),
                                                                                   (1468, 'Loura', 'Stronach', 'F', '1947-5-28 00:00:00', 295),
                                                                                   (1471, 'Margaretta', 'Norfleet', 'F', '1987-10-5 00:00:00', 105),
                                                                                   (1474, 'Adalberto', 'Quiroz', 'M', '1918-3-12 00:00:00', 243),
                                                                                   (1477, 'Lee', 'Skoog', 'M', '1916-8-21 00:00:00', 119),
                                                                                   (1480, 'Jenine', 'Tyra', 'F', '1952-6-12 00:00:00', 267),
                                                                                   (1483, 'Richie', 'Nichol', 'M', '1903-2-9 00:00:00', 145),
                                                                                   (1486, 'Len', 'Utter', 'M', null, null),
                                                                                   (1489, 'Taylor', 'Westmoreland', 'M', '1925-5-31 00:00:00', 249),
                                                                                   (1492, 'Rueben', 'Hayles', 'M', null, 199),
                                                                                   (1495, 'Genia', 'Bouton', 'F', '1966-2-14 00:00:00', 259),
                                                                                   (1498, 'Minh', 'Slone', 'M', '1951-6-13 00:00:00', 139),
                                                                                   (1501, 'Jefferson', 'Maus', 'M', '1923-5-11 00:00:00', 185),
                                                                                   (1504, 'Mickey', 'Alred', 'M', '1940-6-9 00:00:00', 151),
                                                                                   (1507, 'Terrell', 'Bachus', 'M', '1911-4-19 00:00:00', 285),
                                                                                   (1510, 'Cherly', 'Bissett', 'F', '1985-8-1 00:00:00', 179),
                                                                                   (1513, 'Carolin', 'Martello', 'F', null, 209),
                                                                                   (1516, 'Kamilah', 'Armenta', 'F', '1945-3-31 00:00:00', null),
                                                                                   (1519, 'Gina', 'Kolesar', 'F', '1904-5-10 00:00:00', 255),
                                                                                   (1522, 'Shae', 'Stoltenberg', 'F', null, 229),
                                                                                   (1525, 'Mathew', 'Breeze', 'M', '1957-9-14 00:00:00', 103),
                                                                                   (1528, 'Taylor', 'Kesten', 'M', '1975-7-8 00:00:00', 287),
                                                                                   (1531, 'Cammie', 'Douthit', 'F', null, 209),
                                                                                   (1534, 'Tisha', 'Luken', 'F', '1921-9-14 00:00:00', 137),
                                                                                   (1537, 'Marlin', 'Zubia', 'M', null, null),
                                                                                   (1540, 'Darrel', 'Rosario', 'M', null, null),
                                                                                   (1543, 'Coleman', 'Dray', 'M', '1901-4-4 00:00:00', 203),
                                                                                   (1546, 'Morris', 'Ludwig', 'M', null, 269),
                                                                                   (1549, 'Doug', 'Burkett', 'M', '1959-6-4 00:00:00', 203),
                                                                                   (1552, 'Raleigh', 'Picone', 'M', '1967-4-29 00:00:00', 111),
                                                                                   (1555, 'Ezekiel', 'Dominquez', 'M', null, 161),
                                                                                   (1558, 'Fred', 'Fabiani', 'M', '1905-4-6 00:00:00', 197),
                                                                                   (1561, 'Jefferson', 'Wilhelm', 'M', '1971-9-30 00:00:00', null),
                                                                                   (1564, 'Melinda', 'Wages', 'F', '1989-6-30 00:00:00', null),
                                                                                   (1567, 'Teressa', 'Twombly', 'F', null, 171),
                                                                                   (1570, 'Danae', 'Datta', 'F', '1927-10-7 00:00:00', 245),
                                                                                   (1573, 'Hannelore', 'Mccuin', 'F', '1984-1-31 00:00:00', 115),
                                                                                   (1576, 'Romona', 'Mingus', 'F', '1945-9-7 00:00:00', 239),
                                                                                   (1579, 'Kermit', 'Huston', 'M', '1982-12-29 00:00:00', 243),
                                                                                   (1582, 'Katerine', 'Jepsen', 'F', '1943-8-28 00:00:00', 289),
                                                                                   (1585, 'Lavette', 'Daley', 'F', '1943-6-18 00:00:00', null),
                                                                                   (1588, 'Delmar', 'Denley', 'M', '1916-12-2 00:00:00', 257),
                                                                                   (1591, 'Antone', 'Sy', 'M', '1959-6-16 00:00:00', 109),
                                                                                   (1594, 'Penni', 'Prentiss', 'F', '1975-9-5 00:00:00', 123),
                                                                                   (1597, 'Gary', 'Crowner', 'M', '1978-7-19 00:00:00', 145);

INSERT INTO staff (staff_no, person_id, branch_no, position, salary) VALUES ('SG585',403,'B424','Assistant',30000),
                                                                            ('SQ532',472,'B553','Supervisor',360000),
                                                                            ('SQ541',1093,'B745','Assistant',30000),
                                                                            ('SL597',724,'B187','Supervisor',320000),
                                                                            ('SL567',700,'B731','Supervisor',320000),
                                                                            ('SQ504',469,'B960','Assistant',30000),
                                                                            ('SQ583',406,'B901','Manager',210000),
                                                                            ('SL545',1318,'B632','Manager',210000),
                                                                            ('SL554',1420,'B553','Teller',80000),
                                                                            ('SL580',1126,'B443','Teller',80000),
                                                                            ('SQ565',946,'B714','Manager',210000),
                                                                            ('SG525',1252,'B266','Teller',100000),
                                                                            ('SG595',454,'B745','Manager',210000),
                                                                            ('SG577',1435,'B942','Assistant',30000),
                                                                            ('SG596',1237,'B623','Manager',210000),
                                                                            ('SQ556',793,'B960','Manager',210000),
                                                                            ('SL559',1297,'B553','Assistant',20000),
                                                                            ('SL518',559,'B647','Supervisor',320000),
                                                                            ('SQ553',1378,'B647','Manager',180000),
                                                                            ('SQ500',1393,'B266','Supervisor',320000),
                                                                            ('SG535',1075,'B632','Teller',80000),
                                                                            ('SQ574',1273,'B647','Teller',80000),
                                                                            ('SQ582',1249,'B947','Manager',180000),
                                                                            ('SQ523',1261,'B623','Assistant',30000),
                                                                            ('SQ511',457,'B901','Assistant',20000),
                                                                            ('SQ517',991,'B632','Manager',210000),
                                                                            ('SL510',409,'B714','Supervisor',320000),
                                                                            ('SG516',1102,'B190','Manager',180000),
                                                                            ('SG514',949,'B745','Assistant',30000),
                                                                            ('SG593',427,'B714','Teller',80000),
                                                                            ('SL568',1387,'B187','Supervisor',320000),
                                                                            ('SG572',925,'B623','Assistant',20000),
                                                                            ('SQ564',898,'B724','Supervisor',320000),
                                                                            ('SL586',622,'B901','Supervisor',320000),
                                                                            ('SG512',1312,'B553','Teller',80000),
                                                                            ('SQ537',1129,'B266','Assistant',20000),
                                                                            ('SG578',1402,'B553','Teller',100000),
                                                                            ('SQ581',796,'B714','Manager',180000),
                                                                            ('SQ539',1465,'B553','Supervisor',320000),
                                                                            ('SG508',1531,'B647','Teller',80000),
                                                                            ('SQ551',415,'B623','Manager',180000),
                                                                            ('SQ521',1561,'B960','Supervisor',360000),
                                                                            ('SG515',808,'B443','Manager',210000),
                                                                            ('SG501',1576,'B714','Supervisor',320000),
                                                                            ('SQ536',463,'B623','Teller',80000),
                                                                            ('SL524',1504,'B164','Teller',80000),
                                                                            ('SL557',1540,'B443','Assistant',20000),
                                                                            ('SG591',943,'B443','Assistant',20000),
                                                                            ('SG507',1231,'B731','Assistant',30000),
                                                                            ('SG592',937,'B647','Assistant',30000),
                                                                            ('SG502',1411,'B187','Manager',180000),
                                                                            ('SQ520',655,'B164','Supervisor',320000),
                                                                            ('SL569',1303,'B647','Teller',80000),
                                                                            ('SL576',1207,'B901','Manager',180000),
                                                                            ('SL549',877,'B714','Assistant',20000),
                                                                            ('SL509',499,'B724','Supervisor',360000),
                                                                            ('SQ503',1399,'B187','Assistant',30000),
                                                                            ('SQ533',1306,'B901','Assistant',20000),
                                                                            ('SG555',997,'B647','Supervisor',360000),
                                                                            ('SQ575',817,'B901','Supervisor',360000),
                                                                            ('SQ552',1519,'B647','Manager',180000),
                                                                            ('SG530',442,'B553','Assistant',20000),
                                                                            ('SG558',616,'B960','Supervisor',360000),
                                                                            ('SG571',1165,'B623','Supervisor',320000),
                                                                            ('SQ534',1501,'B443','Manager',180000),
                                                                            ('SG542',1291,'B632','Supervisor',360000),
                                                                            ('SG527',910,'B647','Supervisor',360000),
                                                                            ('SQ526',745,'B947','Assistant',20000),
                                                                            ('SG550',913,'B724','Assistant',30000),
                                                                            ('SG560',850,'B960','Supervisor',320000),
                                                                            ('SQ506',487,'B745','Teller',80000),
                                                                            ('SG588',940,'B424','Teller',80000),
                                                                            ('SG531',1543,'B623','Assistant',30000),
                                                                            ('SL584',1327,'B424','Manager',180000),
                                                                            ('SL519',1357,'B187','Manager',210000),
                                                                            ('SL590',400,'B960','Manager',210000),
                                                                            ('SL513',838,'B936','Assistant',30000),
                                                                            ('SL522',1120,'B936','Assistant',30000),
                                                                            ('SQ538',1570,'B911','Manager',180000),
                                                                            ('SG528',901,'B424','Manager',210000),
                                                                            ('SL561',1219,'B443','Teller',100000),
                                                                            ('SQ547',976,'B960','Assistant',20000),
                                                                            ('SQ544',1048,'B443','Supervisor',320000),
                                                                            ('SQ598',1177,'B632','Supervisor',320000),
                                                                            ('SL594',988,'B632','Assistant',20000),
                                                                            ('SL548',1309,'B936','Teller',80000),
                                                                            ('SL589',1123,'B936','Supervisor',360000),
                                                                            ('SG587',1159,'B942','Assistant',20000),
                                                                            ('SQ546',823,'B901','Teller',80000),
                                                                            ('SQ573',1180,'B942','Assistant',20000),
                                                                            ('SG570',421,'B911','Manager',210000),
                                                                            ('SL579',1516,'B632','Supervisor',360000),
                                                                            ('SG540',859,'B745','Manager',210000),
                                                                            ('SG562',1582,'B164','Assistant',20000),
                                                                            ('SQ566',1006,'B745','Teller',80000),
                                                                            ('SL563',652,'B187','Supervisor',360000),
                                                                            ('SG505',1045,'B266','Teller',80000),
                                                                            ('SG529',1258,'B164','Teller',100000),
                                                                            ('SG543',1417,'B731','Teller',100000),
                                                                            ('SG599',1498,'B714','Supervisor',320000);


INSERT INTO client (client_no, person_id, telephone, email, pref_type,max_rent) VALUES ('CR100', 766, '500-484-9332', 'Pearlie_Forcier@gmail.com','House', 1063),
                                                                                       ('CR101', 1102, '760-750-7498', 'Gracia.Ozment@gmail.com','House', 1038),
                                                                                       ('CR102', 577, 'null', 'Tristan_Iglesia@yahoo.com','Flat', 1929),
                                                                                       ('CR103', 1459, '527-281-2067', 'Chana_Ortman@gmail.com','Apartment', 1032),
                                                                                       ('CR104', 667, '387-875-6915', 'Johana_Ping@yahoo.com','Condo', 1102),
                                                                                       ('CR105', 724, '758-181-6632', 'Kip_Ausherman@gmail.com','Condo', 1341),
                                                                                       ('CR106', 1105, 'null', 'Benny_Livermore@aol.com','House', 1557),
                                                                                       ('CR107', 1045, '656-608-4483', 'Cornell.Aguinaldo@aol.com','House', 1633),
                                                                                       ('CR108', 1576, 'null', 'Romona_Mingus@icloud.com','Condo', 1296),
                                                                                       ('CR109', 667, '775-975-2854', 'Johana_Ping@gmx.com','House', 1696),
                                                                                       ('CR110', 592, '423-358-5041', 'Abdul.Nimmo@msn.com','House', 1510),
                                                                                       ('CR111', 1546, '447-947-8831', 'Morris.Ludwig@gmx.com','Condo', 1250),
                                                                                       ('CR112', 1240, '422-859-8522', 'Clara.Klawitter@aol.com','Apartment', 1593),
                                                                                       ('CR113', 1186, '666-971-5690', 'Donovan_Roush@msn.com','Apartment', 1172),
                                                                                       ('CR114', 973, '207-496-1315', 'Shara.Demario@icloud.com','House', 1355),
                                                                                       ('CR115', 1306, '630-861-6314', 'Rayford.Macky@icloud.com','Condo', 1316),
                                                                                       ('CR116', 1399, '207-584-8526', 'Jana_Jamieson@aol.com','Apartment', 1678),
                                                                                       ('CR117', 772, '427-455-3697', 'Alaina_Kenney@gmx.com','House', 1315),
                                                                                       ('CR118', 1048, '121-890-5911', 'Ashlee.Days@msn.com','House', 1754),
                                                                                       ('CR119', 793, '720-371-1265', 'Heidi_Coffin@yahoo.com','Apartment', 1235),
                                                                                       ('CR120', 1309, '760-412-2957', 'Dino.Slovinsky@yahoo.com','Apartment', 1344),
                                                                                       ('CR121', 709, '226-185-9326', 'Monica.Mailman@outlook.com','Condo', 1328),
                                                                                       ('CR122', 784, '767-342-5334', 'Jay_Hambleton@zoho.com','Condo', 1185),
                                                                                       ('CR123', 688, 'null', 'Mckinley_Pigott@zoho.com','House', 1088),
                                                                                       ('CR124', 820, '683-164-4775', 'Perla.Greaves@gmx.com','Condo', 1016),
                                                                                       ('CR125', 577, '374-655-9483', 'Tristan.Iglesia@outlook.com','Apartment', 1547),
                                                                                       ('CR126', 1078, 'null', 'Meaghan_Wimbish@msn.com','Flat', 1484),
                                                                                       ('CR127', 898, '529-406-5446', 'Nicolas.Hetherington@aol.com','Apartment', 1656),
                                                                                       ('CR128', 1474, '186-858-9746', 'Adalberto.Quiroz@msn.com','Condo', 1834),
                                                                                       ('CR129', 688, '700-655-7876', 'Mckinley_Pigott@outlook.com','Flat', 1983),
                                                                                       ('CR130', 925, '548-716-5083', 'Simonne_Kincade@icloud.com','House', 1557),
                                                                                       ('CR131', 847, 'null', 'Sha_Kirker@zoho.com','Apartment', 1575),
                                                                                       ('CR132', 1024, '218-188-3348', 'Lauren.Samms@gmail.com','Condo', 1659),
                                                                                       ('CR133', 1039, 'null', 'Maggie_Stclaire@outlook.com','House', 1544),
                                                                                       ('CR134', 1582, '303-956-7559', 'Katerine.Jepsen@aol.com','House', 1193),
                                                                                       ('CR135', 853, '741-274-6406', 'Corrina.Mullett@zoho.com','Flat', 1400),
                                                                                       ('CR136', 736, '481-285-9574', 'Leslee.Kenan@aol.com','Condo', 1274),
                                                                                       ('CR137', 1588, 'null', 'Delmar.Denley@gmx.com','Condo', 1995),
                                                                                       ('CR138', 874, '713-985-8595', 'Antonetta_Dance@yahoo.com','House', 1500),
                                                                                       ('CR139', 853, '519-878-5770', 'Corrina_Mullett@yahoo.com','Flat', 1967),
                                                                                       ('CR140', 481, '525-421-8661', 'Mollie_Marcoux@gmx.com','Condo', 1633),
                                                                                       ('CR141', 1144, '694-326-5339', 'Kenton_Disalvo@aol.com','Apartment', 1469),
                                                                                       ('CR142', 772, '119-790-5545', 'Alaina.Kenney@aol.com','Condo', 1296),
                                                                                       ('CR143', 1486, '730-540-5823', 'Len_Utter@zoho.com','House', 1943),
                                                                                       ('CR144', 1192, '151-246-5529', 'Clint.Sosa@outlook.com','Flat', 1119),
                                                                                       ('CR145', 1072, '516-701-8536', 'Johnnie_Guadalupe@gmail.com','Condo', 1185),
                                                                                       ('CR146', 1405, '631-758-2616', 'Eve_Lauderdale@gmail.com','Condo', 1667),
                                                                                       ('CR147', 1018, 'null', 'Roosevelt.Ivery@outlook.com','House', 1166),
                                                                                       ('CR148', 910, 'null', 'Kylee_Dinsmore@aol.com','Apartment', 1851),
                                                                                       ('CR149', 538, '274-709-4111', 'Jerrod_Martindale@zoho.com','House', 1313),
                                                                                       ('CR150', 1372, '736-510-5295', 'Gustavo_Christenberry@gmail.com','House', 1184),
                                                                                       ('CR151', 1024, '129-606-4809', 'Lauren.Samms@msn.com','Condo', 1637),
                                                                                       ('CR152', 1150, '238-751-8172', 'Fermin.Cahill@yahoo.com','Flat', 1420),
                                                                                       ('CR153', 1060, '148-418-6233', 'Reuben.Kanner@gmail.com','Apartment', 1968),
                                                                                       ('CR154', 700, '357-546-3386', 'Daysi_Cadle@gmail.com','Condo', 1599),
                                                                                       ('CR155', 1378, '474-828-6575', 'Sherell.Jan@yahoo.com','Flat', 1198),
                                                                                       ('CR156', 694, '172-666-8034', 'Nelle.Rippel@gmail.com','Apartment', 1966),
                                                                                       ('CR157', 808, '209-691-2439', 'Rosette_Hohlt@outlook.com','Apartment', 1557),
                                                                                       ('CR158', 1498, '437-281-2930', 'Minh.Slone@yahoo.com','Condo', 1706),
                                                                                       ('CR159', 709, '697-853-3012', 'Monica_Mailman@yahoo.com','House', 1243),
                                                                                       ('CR160', 817, 'null', 'Neta.Blunk@yahoo.com','Flat', 1533),
                                                                                       ('CR161', 1105, '152-860-7590', 'Benny_Livermore@aol.com','Apartment', 1810),
                                                                                       ('CR162', 1276, '165-395-9013', 'Rosalie.Milbourn@gmail.com','Condo', 1802),
                                                                                       ('CR163', 442, '578-853-1510', 'Shaquana_Schissler@outlook.com','House', 1012),
                                                                                       ('CR164', 913, '638-223-1894', 'Torie.Sturgill@gmx.com','House', 1397),
                                                                                       ('CR165', 838, '590-533-5425', 'Georgie_Bourquin@zoho.com','Apartment', 1370),
                                                                                       ('CR166', 823, 'null', 'Ryan_Tellez@aol.com','Condo', 1027),
                                                                                       ('CR167', 949, '766-950-2754', 'Evelia.Patty@outlook.com','Apartment', 1328),
                                                                                       ('CR168', 664, '190-287-9636', 'Micha_Pascoe@gmx.com','Condo', 1441),
                                                                                       ('CR169', 1144, '153-211-5391', 'Kenton.Disalvo@yahoo.com','Apartment', 1651),
                                                                                       ('CR170', 1225, '412-349-6841', 'Reggie_Sartor@outlook.com','House', 1970),
                                                                                       ('CR171', 1378, 'null', 'Sherell.Jan@outlook.com','Apartment', 1065),
                                                                                       ('CR172', 1228, 'null', 'Charles_Starns@zoho.com','Flat', 1062),
                                                                                       ('CR173', 676, '258-788-2465', 'Layla_Reader@zoho.com','Flat', 1670),
                                                                                       ('CR174', 1189, '608-460-1932', 'Luther.Geraghty@msn.com','Apartment', 1137),
                                                                                       ('CR175', 1210, '405-978-7786', 'Florencio_Hunt@gmail.com','Apartment', 1832),
                                                                                       ('CR176', 526, '331-673-4256', 'Jillian.Pellegren@icloud.com','Flat', 1938),
                                                                                       ('CR177', 1444, '224-591-1259', 'Ed.Gainer@yahoo.com','House', 1540),
                                                                                       ('CR178', 622, 'null', 'Lilliam.Mcgowen@icloud.com','Condo', 1347),
                                                                                       ('CR179', 910, '715-779-7410', 'Kylee_Dinsmore@aol.com','Flat', 1116),
                                                                                       ('CR180', 1036, '384-252-9518', 'Corrinne.Diorio@icloud.com','House', 1470),
                                                                                       ('CR181', 610, '587-277-4688', 'Leandra.Howard@zoho.com','House', 1588),
                                                                                       ('CR182', 505, '323-220-8023', 'Otto_Vanscoy@msn.com','Apartment', 1793),
                                                                                       ('CR183', 646, '137-791-6951', 'Enrique.Hans@icloud.com','Flat', 1453),
                                                                                       ('CR184', 1108, 'null', 'Robert_Pilger@gmail.com','Condo', 1542),
                                                                                       ('CR185', 1474, 'null', 'Adalberto_Quiroz@gmx.com','Condo', 1352),
                                                                                       ('CR186', 448, '734-909-6972', 'Lionel.Stone@zoho.com','Apartment', 1900),
                                                                                       ('CR187', 733, '622-171-6752', 'Cleo_Elms@msn.com','House', 1262),
                                                                                       ('CR188', 613, '169-720-3806', 'Yolanda_Steinhauser@gmail.com','Condo', 1451),
                                                                                       ('CR189', 895, '180-508-2201', 'Arlyne_Olander@gmx.com','Condo', 1261),
                                                                                       ('CR190', 814, '149-150-9182', 'Nia_Vowels@gmail.com','Condo', 1732),
                                                                                       ('CR191', 1411, 'null', 'Teodora_Olmedo@icloud.com','House', 1439),
                                                                                       ('CR192', 1561, 'null', 'Jefferson.Wilhelm@gmail.com','Flat', 1907),
                                                                                       ('CR193', 910, '415-792-7585', 'Kylee.Dinsmore@msn.com','Apartment', 1844),
                                                                                       ('CR194', 1144, '574-337-5310', 'Kenton.Disalvo@yahoo.com','Flat', 1557),
                                                                                       ('CR195', 1015, '416-720-5307', 'Elmer_Hodak@gmail.com','Flat', 1463),
                                                                                       ('CR196', 715, '423-316-4132', 'Eugene_Wacaster@outlook.com','Condo', 1410),
                                                                                       ('CR197', 1111, '229-948-7401', 'Jewel_Shoemaker@gmx.com','Flat', 1691),
                                                                                       ('CR198', 475, 'null', 'Drusilla_Canale@icloud.com','House', 1560),
                                                                                       ('CR199', 1297, '459-641-3057', 'Malisa_Ashby@gmx.com','Apartment', 1357),
                                                                                       ('CR200', 1276, '578-394-4045', 'Rosalie.Milbourn@msn.com','House', 1178),
                                                                                       ('CR201', 1240, '708-190-3840', 'Clara_Klawitter@outlook.com','Apartment', 1474),
                                                                                       ('CR202', 952, '371-863-2553', 'Fausto_Hem@zoho.com','House', 1613),
                                                                                       ('CR203', 682, '637-996-6197', 'Veda_Vanduyne@outlook.com','Flat', 1413),
                                                                                       ('CR204', 1381, 'null', 'Cherilyn_Sienkiewicz@gmail.com','House', 1678),
                                                                                       ('CR205', 1216, '232-649-7469', 'Alia_Cosgrove@icloud.com','Flat', 1312),
                                                                                       ('CR206', 1273, '407-210-9662', 'Giovanna_Willhite@gmail.com','Flat', 1743),
                                                                                       ('CR207', 874, '716-346-7273', 'Antonetta.Dance@outlook.com','Flat', 1500),
                                                                                       ('CR208', 436, 'null', 'Dreama_Zucker@yahoo.com','Apartment', 1110),
                                                                                       ('CR209', 451, 'null', 'Erin.Sam@outlook.com','Flat', 1636),
                                                                                       ('CR210', 1159, '349-485-7717', 'Alvera.Soni@outlook.com','Condo', 1399),
                                                                                       ('CR211', 1528, '341-920-4948', 'Taylor_Kesten@gmail.com','House', 1639),
                                                                                       ('CR212', 1567, '242-245-2440', 'Teressa_Twombly@gmx.com','House', 1782),
                                                                                       ('CR213', 871, 'null', 'Ivory.Juhl@gmail.com','Apartment', 1460),
                                                                                       ('CR214', 457, '232-378-9300', 'Melissa_Rhein@outlook.com','House', 1828),
                                                                                       ('CR215', 877, '188-920-5537', 'Karleen.Keep@gmx.com','Flat', 1511),
                                                                                       ('CR216', 595, '288-652-8447', 'Yvette.Eads@aol.com','Apartment', 1534),
                                                                                       ('CR217', 553, '559-713-9821', 'Hai.Carruth@msn.com','Condo', 1802),
                                                                                       ('CR218', 1252, '295-347-7659', 'Deidra.Newhart@gmx.com','Condo', 1502),
                                                                                       ('CR219', 607, '204-673-4216', 'Casimira_Bertsch@yahoo.com','House', 1762),
                                                                                       ('CR220', 1147, 'null', 'Dallas.Mcchesney@outlook.com','Flat', 1679),
                                                                                       ('CR221', 505, '411-262-2439', 'Otto_Vanscoy@icloud.com','Condo', 1035),
                                                                                       ('CR222', 793, '176-311-4054', 'Heidi.Coffin@aol.com','House', 1847),
                                                                                       ('CR223', 1573, 'null', 'Hannelore_Mccuin@aol.com','Flat', 1638),
                                                                                       ('CR224', 1576, 'null', 'Romona_Mingus@msn.com','Condo', 1802),
                                                                                       ('CR225', 418, '466-860-6209', 'Ben.Haygood@gmail.com','House', 1275),
                                                                                       ('CR226', 979, '349-227-7484', 'Latonia_Welcome@gmx.com','Apartment', 1382),
                                                                                       ('CR227', 1438, '502-713-4079', 'Jarrett.Aceto@outlook.com','Condo', 1455),
                                                                                       ('CR228', 1459, '193-934-2015', 'Chana_Ortman@zoho.com','Apartment', 1481),
                                                                                       ('CR229', 1255, '553-980-2434', 'Rose_Welch@gmx.com','House', 1453),
                                                                                       ('CR230', 670, '423-725-8313', 'Deon_Bridgett@outlook.com','Apartment', 1000),
                                                                                       ('CR231', 820, '725-296-3906', 'Perla.Greaves@yahoo.com','Flat', 1598),
                                                                                       ('CR232', 535, 'null', 'Billie.Basquez@outlook.com','House', 1189),
                                                                                       ('CR233', 1024, '401-292-7254', 'Lauren_Samms@zoho.com','Apartment', 1545),
                                                                                       ('CR234', 1405, '503-216-2150', 'Eve_Lauderdale@outlook.com','Condo', 1741),
                                                                                       ('CR235', 1312, 'null', 'Wm_Nardone@zoho.com','Apartment', 1518),
                                                                                       ('CR236', 1030, '170-166-8556', 'Delila.Barrio@gmx.com','Condo', 1430),
                                                                                       ('CR237', 859, '592-265-2260', 'Karol_Bendel@zoho.com','House', 1446),
                                                                                       ('CR238', 1111, '285-323-5722', 'Jewel_Shoemaker@msn.com','Condo', 1083),
                                                                                       ('CR239', 577, 'null', 'Tristan.Iglesia@icloud.com','House', 1251),
                                                                                       ('CR240', 454, '765-466-1642', 'Latricia_Poblete@icloud.com','Condo', 1277),
                                                                                       ('CR241', 727, '132-679-1394', 'Edmond_Bartlebaugh@outlook.com','Apartment', 1288),
                                                                                       ('CR242', 463, 'null', 'Nicky.Oberle@aol.com','Apartment', 1856),
                                                                                       ('CR243', 1522, '457-368-6424', 'Shae.Stoltenberg@icloud.com','Apartment', 1468),
                                                                                       ('CR244', 424, 'null', 'Codi_Coles@outlook.com','House', 1257),
                                                                                       ('CR245', 547, '772-566-7599', 'Ward_Duck@outlook.com','Apartment', 1305),
                                                                                       ('CR246', 715, '172-960-8677', 'Eugene_Wacaster@zoho.com','Flat', 1762),
                                                                                       ('CR247', 1273, 'null', 'Giovanna.Willhite@icloud.com','Flat', 1780),
                                                                                       ('CR248', 955, '469-554-8603', 'Maribeth_Dula@icloud.com','House', 1153),
                                                                                       ('CR249', 556, '230-775-4937', 'Lina_Archibald@icloud.com','Apartment', 1636);

INSERT INTO property_for_rent (property_no, address_id, prop_type, rooms, rent, staff_no, branch_no, client_no) VALUES  ('PR200', 131,'Flat', 3, 24, 'SQ523','B190','CR191'),
                                                                                                                        ('PR662', 233,'House', 5, 512, 'SG514','B911','CR189'),
                                                                                                                        ('PR782', 275,'Condo', 2, 555, null,'B190','CR230'),
                                                                                                                        ('PR747', 263,'Flat', 5, 1395, 'SG542','B936','CR205'),
                                                                                                                        ('PR894', 269,'Flat', 1, 335, 'SQ552','B647','CR239'),
                                                                                                                        ('PR146', 135,'Condo', 3, 3646, null,'B424',null),
                                                                                                                        ('PR206', 127,'House', 4, 1459, 'SL545','B187','CR200'),
                                                                                                                        ('PR153', 165,'Condo', 8, 497, 'SQ506',null,'CR127'),
                                                                                                                        ('PR249', 215,'Condo', 8, 3511, 'SL586',null,'CR114'),
                                                                                                                        ('PR732', 223,'House', 6, 903, 'SG570',null,null),
                                                                                                                        ('PR883', 251,'House', 2, 1370, 'SL589',null,'CR212'),
                                                                                                                        ('PR946', 151,'Condo', 3, 2748, 'SQ532',null,null),
                                                                                                                        ('PR298', 213,'House', 7, 586, 'SQ517',null,'CR105'),
                                                                                                                        ('PR984', 281,'House', 5, 332, 'SQ523',null,null),
                                                                                                                        ('PR399', 137,'House', 8, 1327, 'SG530',null,'CR213'),
                                                                                                                        ('PR544', 145,'Condo', 4, 339, 'SQ539','B936','CR188'),
                                                                                                                        ('PR695', 223,'Flat', 6, 349, null,null,'CR163'),
                                                                                                                        ('PR656', 125,'Flat', 8, 174, 'SL584','B632','CR222'),
                                                                                                                        ('PR859', 247,'House', 1, 296, 'SG527','B187',null),
                                                                                                                        ('PR820', 217,'Flat', 2, 2441, 'SQ551','B266','CR139'),
                                                                                                                        ('PR194', 185,'Flat', 1, 946, 'SG530',null,'CR190'),
                                                                                                                        ('PR901', 151,'Flat', 7, 31, 'SL569',null,null),
                                                                                                                        ('PR227', 275,'House', 8, 1440, 'SL576','B443','CR145'),
                                                                                                                        ('PR683', 135,'Flat', 2, 1889, 'SQ552',null,null),
                                                                                                                        ('PR964', 161,'Flat', 7, 3913, 'SQ532',null,'CR107'),
                                                                                                                        ('PR604', 203,'Condo', 7, 1015, 'SG507','B632','CR219'),
                                                                                                                        ('PR210', 229,'Condo', 8, 1043, 'SG593','B901','CR104'),
                                                                                                                        ('PR282', 101,'House', 3, 473, 'SQ573',null,null),
                                                                                                                        ('PR512', 221,'Flat', 4, 1504, 'SG530',null,'CR228'),
                                                                                                                        ('PR630', 223,'Condo', 6, 1252, null,'B632','CR151'),
                                                                                                                        ('PR524', 203,'Condo', 6, 2304, 'SL524','B647','CR227'),
                                                                                                                        ('PR665', 189,'House', 5, 792, 'SQ553',null,'CR170'),
                                                                                                                        ('PR189', 115,'Flat', 2, 3992, null,'B164','CR193'),
                                                                                                                        ('PR419', 173,'Condo', 3, 338, 'SG585','B911','CR118'),
                                                                                                                        ('PR974', 263,'House', 1, 379, 'SL589','B164','CR117'),
                                                                                                                        ('PR649', 291,'Flat', 8, 3238, 'SG570','B942',null),
                                                                                                                        ('PR954', 221,'Condo', 2, 2763, 'SG571','B266','CR177'),
                                                                                                                        ('PR992', 127,'Condo', 2, 894, 'SQ556','B553',null),
                                                                                                                        ('PR204', 261,'Flat', 8, 2660, 'SQ547','B187','CR148'),
                                                                                                                        ('PR268', 137,'Condo', 2, 3608, 'SQ564','B942',null),
                                                                                                                        ('PR347', 217,'Flat', 6, 1476, 'SG543','B632',null),
                                                                                                                        ('PR140', 219,'House', 5, 2017, null,null,null),
                                                                                                                        ('PR808', 269,'Condo', 7, 3599, 'SQ575','B714','CR221'),
                                                                                                                        ('PR411', 219,'Condo', 3, 1963, 'SL580',null,'CR249'),
                                                                                                                        ('PR806', 231,'House', 3, 54, null,'B443',null),
                                                                                                                        ('PR670', 131,'Condo', 2, 2679, 'SQ506','B947','CR226'),
                                                                                                                        ('PR422', 137,'Flat', 1, 1953, 'SG560','B724',null),
                                                                                                                        ('PR881', 273,'Flat', 8, 893, null,null,'CR127'),
                                                                                                                        ('PR495', 129,'Condo', 1, 749, null,null,'CR171'),
                                                                                                                        ('PR493', 115,'House', 1, 182, null,'B190',null),
                                                                                                                        ('PR668', 187,'Flat', 8, 589, 'SL584','B623','CR213'),
                                                                                                                        ('PR762', 123,'House', 7, 3697, 'SG540','B942','CR247'),
                                                                                                                        ('PR623', 169,'Condo', 5, 751, 'SL567','B623',null),
                                                                                                                        ('PR207', 181,'House', 6, 3945, null,'B901','CR246'),
                                                                                                                        ('PR265', 259,'House', 5, 555, 'SG529','B623','CR246'),
                                                                                                                        ('PR131', 167,'Flat', 8, 1676, null,'B714','CR244'),
                                                                                                                        ('PR875', 157,'Condo', 5, 1562, 'SQ537',null,'CR147'),
                                                                                                                        ('PR944', 175,'House', 5, 1437, 'SL524','B942','CR235'),
                                                                                                                        ('PR525', 273,'Flat', 2, 1669, 'SG505','B911',null),
                                                                                                                        ('PR740', 239,'Flat', 1, 3033, null,'B911','CR195'),
                                                                                                                        ('PR945', 163,'Flat', 6, 1437, 'SL580','B266','CR136'),
                                                                                                                        ('PR162', 155,'Flat', 6, 4390, 'SG555',null,'CR125'),
                                                                                                                        ('PR805', 269,'House', 4, 2012, null,'B443','CR141'),
                                                                                                                        ('PR232', 239,'Condo', 4, 1522, 'SL557','B911','CR191'),
                                                                                                                        ('PR799', 185,'Flat', 6, 445, null,'B947','CR175'),
                                                                                                                        ('PR413', 293,'House', 5, 853, null,'B731','CR202'),
                                                                                                                        ('PR829', 251,'House', 6, 2019, 'SG508',null,null),
                                                                                                                        ('PR188', 137,'Condo', 2, 317, 'SG516','B443',null),
                                                                                                                        ('PR706', 245,'Condo', 2, 798, null,null,'CR207'),
                                                                                                                        ('PR470', 203,'House', 7, 1337, 'SQ533',null,'CR222'),
                                                                                                                        ('PR783', 111,'Condo', 6, 1215, 'SQ534','B911','CR226'),
                                                                                                                        ('PR169', 111,'House', 5, 88, 'SQ581','B911','CR117'),
                                                                                                                        ('PR214', 105,'Condo', 1, 399, 'SL590',null,'CR209'),
                                                                                                                        ('PR385', 153,'House', 1, 123, null,'B187',null),
                                                                                                                        ('PR444', 147,'House', 4, 680, 'SL554','B553',null),
                                                                                                                        ('PR688', 201,'Condo', 8, 1928, 'SG570','B623','CR138'),
                                                                                                                        ('PR428', 129,'Flat', 5, 3494, null,null,'CR112'),
                                                                                                                        ('PR633', 109,'Flat', 8, 1360, null,'B911',null),
                                                                                                                        ('PR639', 139,'House', 3, 4930, 'SG555','B187',null),
                                                                                                                        ('PR943', 129,'House', 7, 2821, null,'B190','CR103'),
                                                                                                                        ('PR892', 139,'House', 1, 735, null,'B714','CR120'),
                                                                                                                        ('PR642', 251,'House', 2, 3883, 'SL509',null,null),
                                                                                                                        ('PR720', 233,'Flat', 1, 161, 'SQ574','B731','CR150'),
                                                                                                                        ('PR839', 175,'Condo', 3, 366, 'SG585','B424','CR110'),
                                                                                                                        ('PR835', 249,'Condo', 4, 497, 'SQ566','B960','CR207'),
                                                                                                                        ('PR854', 189,'Condo', 1, 265, 'SG516',null,null),
                                                                                                                        ('PR248', 177,'Condo', 1, 941, 'SG508','B947','CR137'),
                                                                                                                        ('PR460', 161,'Condo', 4, 427, 'SQ566','B266','CR199'),
                                                                                                                        ('PR564', 193,'Flat', 1, 2786, null,null,'CR206'),
                                                                                                                        ('PR343', 159,'Flat', 3, 1758, null,'B731','CR222'),
                                                                                                                        ('PR825', 125,'Flat', 2, 1672, null,'B190',null),
                                                                                                                        ('PR171', 137,'Flat', 4, 382, 'SL580','B724','CR227'),
                                                                                                                        ('PR254', 225,'Flat', 1, 236, 'SQ504','B731',null),
                                                                                                                        ('PR161', 109,'Condo', 4, 477, 'SQ566','B942','CR127'),
                                                                                                                        ('PR852', 279,'Condo', 1, 2205, null,'B647','CR121'),
                                                                                                                        ('PR384', 201,'House', 1, 419, 'SL569','B266',null),
                                                                                                                        ('PR709', 105,'Condo', 4, 3291, 'SG542','B190','CR192'),
                                                                                                                        ('PR853', 111,'House', 1, 1372, 'SQ546','B714',null),
                                                                                                                        ('PR173', 109,'House', 6, 59, 'SG570','B632','CR166'),
                                                                                                                        ('PR202', 223,'House', 1, 2976, 'SG531',null,'CR154'),
                                                                                                                        ('PR722', 173,'House', 2, 557, 'SG595','B187',null),
                                                                                                                        ('PR871', 221,'Condo', 2, 1433, null,'B714',null),
                                                                                                                        ('PR416', 103,'House', 7, 884, 'SQ541','B553','CR162'),
                                                                                                                        ('PR431', 299,'House', 1, 1893, 'SQ551','B164','CR183'),
                                                                                                                        ('PR310', 235,'Condo', 1, 357, 'SL584','B623','CR139'),
                                                                                                                        ('PR579', 155,'Flat', 5, 627, 'SQ506',null,null),
                                                                                                                        ('PR319', 207,'Flat', 5, 2527, 'SQ539',null,'CR248'),
                                                                                                                        ('PR708', 279,'Flat', 3, 3266, 'SQ565','B187','CR231'),
                                                                                                                        ('PR138', 123,'Flat', 5, 413, 'SQ544','B947','CR218'),
                                                                                                                        ('PR414', 141,'Flat', 8, 344, 'SG508','B647','CR218'),
                                                                                                                        ('PR810', 181,'Flat', 4, 1731, 'SQ574','B942','CR170'),
                                                                                                                        ('PR978', 153,'Condo', 8, 849, 'SG560','B164','CR210'),
                                                                                                                        ('PR982', 237,'Condo', 6, 3579, 'SG531','B942',null),
                                                                                                                        ('PR329', 207,'House', 1, 693, null,'B623','CR222'),
                                                                                                                        ('PR998', 251,'Condo', 4, 4797, 'SL559',null,'CR113'),
                                                                                                                        ('PR185', 247,'Flat', 7, 3613, 'SG502','B947',null),
                                                                                                                        ('PR353', 225,'Condo', 7, 1612, null,'B960',null),
                                                                                                                        ('PR340', 243,'House', 1, 542, null,null,null),
                                                                                                                        ('PR390', 173,'House', 5, 748, 'SG528','B911','CR203'),
                                                                                                                        ('PR924', 167,'House', 6, 455, null,null,'CR140'),
                                                                                                                        ('PR543', 243,'Flat', 5, 856, 'SL584','B187','CR126'),
                                                                                                                        ('PR856', 263,'House', 1, 1148, null,'B901','CR118'),
                                                                                                                        ('PR988', 213,'Flat', 8, 520, null,'B424','CR170'),
                                                                                                                        ('PR322', 119,'House', 6, 3960, 'SG592','B942','CR230'),
                                                                                                                        ('PR510', 139,'House', 8, 1391, 'SG593','B901','CR133'),
                                                                                                                        ('PR672', 103,'Flat', 5, 448, 'SL548','B187',null),
                                                                                                                        ('PR742', 205,'Condo', 5, 1819, 'SQ506','B187',null),
                                                                                                                        ('PR838', 267,'Condo', 7, 72, 'SQ541','B164',null),
                                                                                                                        ('PR818', 175,'Condo', 4, 3728, 'SL586','B164',null),
                                                                                                                        ('PR797', 109,'Condo', 2, 79, 'SQ536','B942','CR230'),
                                                                                                                        ('PR725', 181,'House', 8, 2869, 'SG502',null,'CR195'),
                                                                                                                        ('PR506', 149,'Condo', 4, 2377, 'SQ553','B647','CR100'),
                                                                                                                        ('PR575', 101,'Flat', 4, 155, 'SG535','B960','CR140'),
                                                                                                                        ('PR217', 215,'House', 3, 533, 'SL569','B960','CR167'),
                                                                                                                        ('PR580', 169,'Flat', 7, 789, 'SQ537','B164',null),
                                                                                                                        ('PR318', 265,'Flat', 7, 2312, 'SG562','B911',null),
                                                                                                                        ('PR721', 291,'Condo', 6, 842, 'SG588',null,'CR130'),
                                                                                                                        ('PR736', 199,'House', 6, 1190, 'SQ573','B731','CR184'),
                                                                                                                        ('PR123', 181,'House', 1, 1985, 'SG507',null,'CR234'),
                                                                                                                        ('PR540', 233,'Condo', 8, 3241, 'SL524','B623','CR123'),
                                                                                                                        ('PR915', 159,'House', 8, 3040, 'SG535','B647','CR105'),
                                                                                                                        ('PR157', 293,'Condo', 4, 549, 'SG560',null,'CR224'),
                                                                                                                        ('PR655', 173,'House', 2, 1653, 'SG508','B911','CR195'),
                                                                                                                        ('PR320', 289,'Flat', 4, 4503, null,'B623','CR122'),
                                                                                                                        ('PR526', 139,'Condo', 2, 1159, 'SG525','B911','CR167'),
                                                                                                                        ('PR166', 255,'Flat', 3, 1282, 'SQ547','B731','CR209'),
                                                                                                                        ('PR134', 277,'House', 3, 303, 'SG588','B443','CR167'),
                                                                                                                        ('PR127', 299,'Flat', 5, 1588, null,null,'CR148'),
                                                                                                                        ('PR774', 103,'Flat', 1, 553, null,'B901','CR204'),
                                                                                                                        ('PR880', 169,'Condo', 8, 719, 'SG570','B724','CR121');
